{"cameraMode":{"drawMode":0,"name":"Shaded","section":"Shading Mode"},"sceneLighting":false,"audioPlay":false,"sceneViewState":{"m_AlwaysRefresh":false,"showFog":true,"showSkybox":false,"showFlares":true,"showImageEffects":true,"showParticleSystems":true,"showVisualEffectGraphs":true,"m_FxEnabled":true},"in2DMode":false,"pivot":{"x":-0.3705940246582031,"y":0.46036142110824587,"z":-0.45087993144989016},"rotation":{"x":0.09710824489593506,"y":0.7170735001564026,"z":-0.10201168805360794,"w":0.6826387047767639},"size":1.520896077156067,"orthographic":false}